net,pins,kind,note
VSYS_5V0,"PWR1.OUT,U2.VIN,U5.VIN,U6.VIN",power,"Primary 5V rail from the PoE DC-DC (PWR1)"
V3V3,"PWR1.3V3,U1.VDD,U3.VCC,U6.VDD33",power,"3.3V rail for RF/digital I/O"
V1V8,"PWR1.1V8,U2.VCCINT",power,"Zynq core rail"
GND,"PWR1.GND,U1.GND,U2.GND,U3.GND,U4.GND,U5.GND,U6.GND,FLT1.GND,FLT2.GND,FLT3.GND",ground,"Star-grounded at PWR1; RF sections also tie to a dedicated shield can, see placement.md"
ETH_RX,"U5.RXP/RXN,J_RJ45.RX",digital,"1000BASE-T receive pair, magnetics at U5"
ETH_TX,"U5.TXP/TXN,J_RJ45.TX",digital,"1000BASE-T transmit pair"
POE_DC,"J_RJ45.POE+,J_RJ45.POE-,PWR1.IN",power,"48V PoE++ input, before PWR1 conversion"
SPI_ADC_CTRL,"U2.SPI0,U1.SPI",digital,"AD9363 control/config interface"
RF_UHF_REF,"U1.RX1_A,FLT1_REF.OUT,ANT_UHF_REF.J1",rf,"UHF reference-channel path; 50 ohm, keep < 30 mm to U1"
RF_UHF_SURV,"U1.RX2_A,FLT1_SURV.OUT,ANT_UHF_SURV.J1",rf,"UHF surveillance-channel path; matched length to RF_UHF_REF within 2 mm"
RF_CELL_REF,"U1.RX1_B,FLT2_REF.OUT,ANT_CELL_REF.J1",rf,"LTE/5G reference-channel path"
RF_CELL_SURV,"U1.RX2_B,FLT2_SURV.OUT,ANT_CELL_SURV.J1",rf,"LTE/5G surveillance-channel path; matched length to RF_CELL_REF"
RF_WIFI,"U6.RF_ANT,FLT3.OUT,ANT_PATCH.J1",rf,"5-6 GHz Wi-Fi sensing/backhaul path"
GNSS_ANT,"U3.RF_IN,J_SMA_GNSS.CENTER",rf,"Active GNSS antenna feed, DC bias through the SMA centre pin"
PPS,"U3.TIMEPULSE,U4.EFC_REF",timing,"1 PPS discipline signal, GNSS to OCXO control loop"
OCXO_10M,"U4.OUT,U1.REFCLK,U2.REFCLK_IN",timing,"10 MHz reference distributed to the transceiver and SoM; route as a single clean trace, terminate per U4 datasheet"
PTP_ETH,"U2.ETH_TSN,U5.MII",digital,"Hardware-timestamped Ethernet path for PTP fallback"
JTAG,"U2.JTAG,J_JTAG.*",digital,"Programming/debug header"
