ref,part,mpn,function,qty,unit_cost_cad,ext_cost_cad,note
U1,"RF transceiver module, 70 MHz-6 GHz, 2x2 MIMO","Analog Devices AD9363 + RF front-end","UHF/LTE/5G/Wi-Fi surveillance + reference channel RX (2 ch.)",1,220.00,220.00,"Same silicon family across all three RF bands - antennas and filters differ, radio does not"
U2,"SoC carrier / baseband compute","Xilinx Zynq-7020 SoM (e.g. Trenz TE0720)","FPGA fabric for ECA/CAF front end + ARM cores for edge software",1,380.00,380.00,"FPGA absorbs the cross-ambiguity FFT load; ARM runs Linux edge stack"
U3,"GNSS timing receiver","u-blox ZED-F9T","PPS discipline for the OCXO; RTK-grade position for node survey",1,220.00,220.00,"Time-only firmware profile"
U4,"10 MHz OCXO, +-1e-9/day","Rakon RPFOX85 or equiv.","Holdover reference during GNSS-denied intervals",1,165.00,165.00,"See docs - jamming a CUAS demo's own GNSS is a plausible adversary move"
U5,"Gigabit Ethernet PHY + PoE PD","TI DP83867 + TPS2372","Backhaul + power over the same drop",1,38.00,38.00,""
U6,"802.11ax/be radio + PA (mesh backhaul / 5-6 GHz sensing)","Qualcomm/MTK Wi-Fi 6E module","Mesh backhaul; doubles as the 5-6 GHz illuminator/receiver",1,42.00,42.00,"802.11bf sensing NDP support required - verify per silicon revision"
FLT1,"UHF (470-608 MHz) band-select filter + LNA","e.g. Mini-Circuits BPF/LNA pair","Protects the reference/surveillance chain from adjacent strong signals before the ADC",2,45.00,90.00,"Reference + surveillance channel, one each"
FLT2,"700 MHz-3.8 GHz band-select filter + LNA","e.g. Mini-Circuits BPF/LNA pair","Same role for the LTE/5G channels",2,50.00,100.00,"Reference + surveillance channel, one each"
FLT3,"5-6 GHz band-select filter + LNA","e.g. Mini-Circuits BPF/LNA pair","Same role for the Wi-Fi sensing channel",1,35.00,35.00,""
ANT1,"UHF log-periodic, 470-608 MHz","hardware/antennas/out/lpda_uhf.*","ATSC surveillance + reference antennas (2x)",2,58.00,116.00,"Fabrication-ready: script emits full element geometry"
ANT2,"700 MHz-3.8 GHz log-periodic","hardware/antennas/out/lpda_cellular.*","LTE/5G surveillance + reference antennas (2x)",2,46.00,92.00,"Fabrication-ready"
ANT3,"5-6 GHz patch array, 4-element","hardware/antennas/out/patch_array.*","Mesh backhaul + Wi-Fi sensing",1,34.00,34.00,"Fabrication-ready"
PWR1,"PoE++ splitter + DC-DC (5V/3.3V/1.8V rails)","TI PMP-class reference design","Power conditioning",1,28.00,28.00,""
ENC1,"IP66 enclosure, UV-stable ASA","hardware/mech/out/node_enclosure_*.stl","Weatherproofing, pole/rooftop mount",1,65.00,65.00,"Fabrication-ready"
MNT1,"Pole/parapet mount bracket, 316 stainless","hardware/mech/out/mount_bracket.stl","Fixed-node mounting",1,40.00,40.00,"Fabrication-ready"
MISC,"Connectors, cabling, fasteners, thermal, assembly labour","-","Assembly",1,100.00,100.00,"Lumped allowance"
